payment_id,date,amount_paise
pay_001,2026-09-21,49900
pay_002,2026-09-01,150000
pay_003,2026-09-08,99900
pay_004,2026-09-05,49900
pay_005,2026-09-22,49900
pay_006,2026-09-19,250000
pay_007,2026-09-02,49900
pay_008,2026-09-03,99900
pay_009,2026-09-08,49900
pay_010,2026-09-18,99900
pay_011,2026-09-23,250000
pay_012,2026-09-08,250000
pay_013,2026-09-19,150000
pay_014,2026-09-26,49900
pay_015,2026-09-25,99900
pay_016,2026-09-23,250000
pay_017,2026-09-11,150000
pay_018,2026-09-05,99900
pay_019,2026-09-25,150000
pay_020,2026-09-04,49900
